Feature,Importance
Air temperature [K],0.13649186687905995
Process temperature [K],0.1257737735440087
Rotational speed [rpm],0.23659931794508648
Torque [Nm],0.3026209604274945
Tool wear [min],0.173506778304181
Type_H,0.005681424436836182
Type_L,0.01019634045078951
Type_M,0.009129538012543799
